provincia,localidad,lat,lng,the_geom,created_at,updated_at,c_comarca,d_comarca,cartodb_id
Huesca,Adahuesca,42.146413,-0.007833,0101000020E61000008CF4A276BF0A80BFC95A43A9BD124540,2014-09-27 08:29:44.569512+00,2014-09-27 08:30:08.695913+00,7,Somontano de Barbastro,1
Zaragoza,Ainzón,41.7803369,-1.5305465,0101000020E6100000C11DA8531E7DF8BF57AE5C14E2E34440,2014-09-27 08:29:44.569512+00,2014-09-27 08:30:08.695913+00,13,Campo de Borja,139
Zaragoza,Ibdes,41.8497571,-3.1653479,0101000020E6100000000000008017FDBF30281CE2AF9C4440,2014-09-27 08:29:44.569512+00,2014-09-27 08:32:10.822389+00,20,Comunidad de Calatayud,184
Huesca,Aineto,42.374041,-0.1682271,0101000020E6100000998466327788C5BF7B2E5393E02F4540,2014-09-27 08:29:44.569512+00,2014-09-27 08:30:08.695913+00,2,Alto Gállego,2
Huesca,Albelda,41.864975,0.460506,0101000020E610000057276728EE78DD3FC66D3480B7EE4440,2014-09-27 08:29:44.569512+00,2014-09-27 08:30:08.695913+00,9,La Litera / La Llitera,3
Huesca,Alcampell,41.905993,0.434536,0101000020E610000067D13B1570CFDB3FD5B32094F7F34440,2014-09-27 08:29:44.569512+00,2014-09-27 08:30:08.695913+00,9,La Litera / La Llitera,4
Huesca,Alcolea de Cinca,41.7407016,0.0933686,0101000020E61000008E2A792B01E7B73F250C5E4FCFDE4440,2014-09-27 08:29:44.569512+00,2014-09-27 08:30:08.695913+00,8,Cinca Medio,5
Huesca,Alcubierre,41.7795935,-0.4691097,0101000020E6100000B520EFB0E405DEBF4B5645B8C9E34440,2014-09-27 08:29:44.569512+00,2014-09-27 08:30:08.695913+00,10,Los Monegros,6
Huesca,Almudévar,42.0966753,-0.5446912,0101000020E610000069684D3D1C6EE1BF5EEA31DB5F0C4540,2014-09-27 08:29:44.569512+00,2014-09-27 08:30:08.695913+00,6,Hoya de Huesca / Plana de Uesca,7
Huesca,Almunia de San Juan,41.9358197,0.2429872,0101000020E6100000C15DAC5E341ACF3FED399FF0C8F74440,2014-09-27 08:29:44.569512+00,2014-09-27 08:30:08.695913+00,8,Cinca Medio,8
Huesca,Alquézar,42.1732502,0.0247317,0101000020E6100000B9ABB24A4453993F428303102D164540,2014-09-27 08:29:44.569512+00,2014-09-27 08:30:08.695913+00,7,Somontano de Barbastro,9
Huesca,Altorricón,41.8004382,0.4126441,0101000020E610000067CA98CCC268DA3F0CBC49C274E64440,2014-09-27 08:29:44.569512+00,2014-09-27 08:30:08.695913+00,9,La Litera / La Llitera,10
Huesca,Ayerbe,42.2759376,-0.687625,0101000020E61000001B2FDD240601E6BF4DDE5BEC51234540,2014-09-27 08:29:44.569512+00,2014-09-27 08:30:08.695913+00,6,Hoya de Huesca / Plana de Uesca,11
Huesca,Aínsa,42.410482,0.1383884,0101000020E610000079A8120AB6B6C13F60CC96AC8A344540,2014-09-27 08:29:44.569512+00,2014-09-27 08:30:08.695913+00,3,Sobrarbe,12
Huesca,Ballobar,41.5811413,0.1307797,0101000020E61000004A873DA363BDC03F6EED8ED662CA4440,2014-09-27 08:29:44.569512+00,2014-09-27 08:30:08.695913+00,11,Bajo Cinca / Baix Cinca,13
Huesca,Barbastro,42.0187105,0.1307797,0101000020E61000004A873DA363BDC03FC0CB0C1B65024540,2014-09-27 08:29:44.569512+00,2014-09-27 08:30:08.695913+00,7,Somontano de Barbastro,14
Huesca,Belver de Cinca,41.7106271,0.2338473,0101000020E6100000E502E154B5EECD3F5F132DD4F5DA4440,2014-09-27 08:29:44.569512+00,2014-09-27 08:30:08.695913+00,11,Bajo Cinca / Baix Cinca,15
Huesca,Benabarre,42.1089702,0.4804457,0101000020E6100000B43E40529FBFDE3F8A9E4ABCF20D4540,2014-09-27 08:29:44.569512+00,2014-09-27 08:30:08.695913+00,4,La Ribagorza,16
Huesca,Benasque,42.6474465,0.5825359,0101000020E6100000A1DEE75322A4E23F70B4E386DF524540,2014-09-27 08:29:44.569512+00,2014-09-27 08:30:08.695913+00,4,La Ribagorza,17
Huesca,Berdún,42.5967635,-0.8579818,0101000020E6100000D705723F9674EBBF27F911BF624C4540,2014-09-27 08:29:44.569512+00,2014-09-27 08:30:08.695913+00,1,La Jacetania,18
Huesca,Bielsa,42.633555,0.218859,0101000020E6100000BBB6B75B9203CC3FD09B8A5418514540,2014-09-27 08:29:44.569512+00,2014-09-27 08:30:08.695913+00,3,Sobrarbe,19
Huesca,Biescas,42.6281489,-0.3216184,0101000020E61000009DAD72576595D4BF5A42E32E67504540,2014-09-27 08:29:44.569512+00,2014-09-27 08:30:08.695913+00,2,Alto Gállego,20
Huesca,Binaced,41.8246101,0.2000653,0101000020E6100000343F4860BD9BC93FC4B9E1D28CE94440,2014-09-27 08:29:44.569512+00,2014-09-27 08:30:08.695913+00,8,Cinca Medio,21
Huesca,Binéfar,41.84291,0.298739,0101000020E61000002A8BC22E8A1ED33F56BC9179E4EB4440,2014-09-27 08:29:44.569512+00,2014-09-27 08:30:08.695913+00,9,La Litera / La Llitera,22
Huesca,Bolea,42.259311,-0.555862,0101000020E610000055DAE21A9FC9E1BF1C3F541A31214540,2014-09-27 08:29:44.569512+00,2014-09-27 08:30:08.695913+00,6,Hoya de Huesca / Plana de Uesca,23
Huesca,Boltaña,42.4438511,0.0696061,0101000020E610000098231A93B4D1B13F9665E31CD0384540,2014-09-27 08:29:44.569512+00,2014-09-27 08:30:08.695913+00,3,Sobrarbe,24
Huesca,Broto,42.6048204,-0.098043,0101000020E6100000D90A9A965819B9BF11FA3EC16A4D4540,2014-09-27 08:29:44.569512+00,2014-09-27 08:30:08.695913+00,3,Sobrarbe,25
Huesca,Caldearenas,42.4122143,-0.5446912,0101000020E610000069684D3D1C6EE1BFC6B82C70C3344540,2014-09-27 08:29:44.569512+00,2014-09-27 08:30:08.695913+00,2,Alto Gállego,26
Huesca,Campo,42.4097758,0.3978018,0101000020E6100000428E52AE9575D93F9BD88D8873344540,2014-09-27 08:29:44.569512+00,2014-09-27 08:30:08.695913+00,4,La Ribagorza,27
Huesca,Candanchú,42.7747501,-0.5352356,0101000020E610000040F5B468A620E1BF4F09E3022B634540,2014-09-27 08:29:44.569512+00,2014-09-27 08:30:08.695913+00,1,La Jacetania,28
Huesca,Canfranc-Estación,42.7466205,-0.5163087,0101000020E6100000227DA4D29985E0BFF702B342915F4540,2014-09-27 08:29:44.569512+00,2014-09-27 08:30:08.695913+00,1,La Jacetania,29
Huesca,Capella,42.1861934,0.403094,0101000020E61000004BAFCDC64ACCD93F93DD712FD5174540,2014-09-27 08:29:44.569512+00,2014-09-27 08:30:08.695913+00,4,La Ribagorza,30
Huesca,Castejón de Sos,42.5202904,0.5352356,0101000020E610000040F5B468A620E13F1D3636E098424540,2014-09-27 08:29:44.569512+00,2014-09-27 08:30:08.695913+00,4,La Ribagorza,31
Huesca,Chalamera,41.6659174,0.15418,0101000020E61000007940D9942BBCC33F2E6B07C83CD54440,2014-09-27 08:29:44.569512+00,2014-09-27 08:30:08.695913+00,11,Bajo Cinca / Baix Cinca,32
Huesca,Chimillas,42.1662308,-0.4596721,0101000020E6100000958D1887446BDDBF41CB040D47154540,2014-09-27 08:29:44.569512+00,2014-09-27 08:30:08.695913+00,6,Hoya de Huesca / Plana de Uesca,33
Huesca,Conchel,41.8848261,0.1354586,0101000020E610000009217B18B556C13FD8124DFB41F14440,2014-09-27 08:29:44.569512+00,2014-09-27 08:30:08.695913+00,8,Cinca Medio,34
Huesca,Esplús,41.7974672,0.2731977,0101000020E610000032EAB534127CD13FFCD0BB6713E64440,2014-09-27 08:29:44.569512+00,2014-09-27 08:30:08.695913+00,9,La Litera / La Llitera,35
Huesca,Fiscal,42.5704444,-0.1682271,0101000020E6100000998466327788C5BFDA17755204494540,2014-09-27 08:29:44.569512+00,2014-09-27 08:30:08.695913+00,3,Sobrarbe,36
Huesca,Fonz,42.010589,0.261088,0101000020E6100000F0315871AAB5D03F4359F8FA5A014540,2014-09-27 08:29:44.569512+00,2014-09-27 08:30:08.695913+00,8,Cinca Medio,37
Huesca,Fraga,41.4811257,0.1869644,0101000020E6100000E314C20F73EEC73FEF61E58695BD4440,2014-09-27 08:29:44.569512+00,2014-09-27 08:30:08.695913+00,11,Bajo Cinca / Baix Cinca,38
Huesca,Frula,41.9093356,-0.4476302,0101000020E610000092EC6C23F9A5DCBF558BE31B65F44440,2014-09-27 08:29:44.569512+00,2014-09-27 08:30:08.695913+00,10,Los Monegros,39
Huesca,Graus,42.1901128,0.3359266,0101000020E610000077D03648D27FD53F8746C19D55184540,2014-09-27 08:29:44.569512+00,2014-09-27 08:30:08.695913+00,4,La Ribagorza,40
Huesca,Grañén,41.8992478,-0.3560076,0101000020E61000002228C819D4C8D6BFFEFF498D1AF34440,2014-09-27 08:29:44.569512+00,2014-09-27 08:30:08.695913+00,10,Los Monegros,41
Huesca,Gurrea de Gállego,42.0156434,-0.763277,0101000020E61000006C3F19E3C36CE8BFFAB2599A00024540,2014-09-27 08:29:44.569512+00,2014-09-27 08:30:08.695913+00,6,Hoya de Huesca / Plana de Uesca,42
Huesca,Huesca,42.1425019,-0.414246,0101000020E61000009AEC9FA70183DABF160F94803D124540,2014-09-27 08:29:44.569512+00,2014-09-27 08:30:08.695913+00,6,Hoya de Huesca / Plana de Uesca,43
Huesca,Jaca,42.5681127,-0.5530257,0101000020E6100000C71EEBF362B2E1BF9C78BDEAB7484540,2014-09-27 08:29:44.569512+00,2014-09-27 08:30:08.695913+00,1,La Jacetania,44
Huesca,Lalueza,41.843576,-0.2600697,0101000020E6100000D38D0B62FBA4D0BF62D8614CFAEB4440,2014-09-27 08:29:44.569512+00,2014-09-27 08:30:08.695913+00,10,Los Monegros,45
Huesca,Lanaja,41.74019,-0.3560076,0101000020E61000002228C819D4C8D6BFC269C18BBEDE4440,2014-09-27 08:29:44.569512+00,2014-09-27 08:30:08.695913+00,10,Los Monegros,46
Huesca,Litera,41.4811257,0.1869644,0101000020E6100000E314C20F73EEC73FEF61E58695BD4440,2014-09-27 08:29:44.569512+00,2014-09-27 08:30:08.695913+00,11,Bajo Cinca / Baix Cinca,47
Huesca,Lupiñén,42.1654255,-0.6298922,0101000020E6100000FC2CE0AF1328E4BF5436ACA92C154540,2014-09-27 08:29:44.569512+00,2014-09-27 08:30:08.695913+00,6,Hoya de Huesca / Plana de Uesca,48
Huesca,Monflorite,42.0875509,-0.3465971,0101000020E61000003ADC589AA52ED6BF201E2EDE340B4540,2014-09-27 08:29:44.569512+00,2014-09-27 08:30:08.695913+00,6,Hoya de Huesca / Plana de Uesca,49
Huesca,Monzón,41.899614,0.2057108,0101000020E6100000358D3743BB54CA3F0A83328D26F34440,2014-09-27 08:29:44.569512+00,2014-09-27 08:30:08.695913+00,8,Cinca Medio,50
Huesca,Nueno,42.2057985,-0.4408037,0101000020E6100000C02BDDB82036DCBF6E88F19A571A4540,2014-09-27 08:29:44.569512+00,2014-09-27 08:30:08.695913+00,6,Hoya de Huesca / Plana de Uesca,51
Huesca,Ontiñena,41.676186,0.089176,0101000020E6100000768D96033DD4B63FAC014A438DD64440,2014-09-27 08:29:44.569512+00,2014-09-27 08:30:08.695913+00,11,Bajo Cinca / Baix Cinca,52
Huesca,Osso De Cinca,41.6757795,0.2197765,0101000020E6100000BFF4F6E7A221CC3F53E751F17FD64440,2014-09-27 08:29:44.569512+00,2014-09-27 08:30:08.695913+00,11,Bajo Cinca / Baix Cinca,53
Huesca,Panticosa,42.7269014,-0.2432307,0101000020E6100000470CF1FE2E22CFBF5435E61A0B5D4540,2014-09-27 08:29:44.569512+00,2014-09-27 08:30:08.695913+00,2,Alto Gállego,54
Huesca,Paúles de Sarsa,42.304649,0.040836,0101000020E6100000B2B8FFC874E8A43F2AE109BDFE264540,2014-09-27 08:29:44.569512+00,2014-09-27 08:30:08.695913+00,3,Sobrarbe,55
Huesca,Peralta de Alcofea,41.9305,-0.0672979,0101000020E61000000EE896676F3AB1BFC976BE9F1AF74440,2014-09-27 08:29:44.569512+00,2014-09-27 08:30:08.695913+00,7,Somontano de Barbastro,56
Huesca,Peñalba,41.4612541,-0.0559939,0101000020E61000009A0D8D823BABACBFAD52D55F0ABB4440,2014-09-27 08:29:44.569512+00,2014-09-27 08:30:08.695913+00,10,Los Monegros,57
Huesca,Plan,42.648371,0.3560076,0101000020E61000002228C819D4C8D63F605628D2FD524540,2014-09-27 08:29:44.569512+00,2014-09-27 08:30:08.695913+00,3,Sobrarbe,58
Huesca,Puente La Reina de Jaca,42.5727781,-0.7865655,0101000020E6100000302E55698B2BE9BFB9AEF3CA50494540,2014-09-27 08:29:44.569512+00,2014-09-27 08:30:08.695913+00,1,La Jacetania,59
Huesca,Robres,41.8690164,-0.4785495,0101000020E6100000051901158EA0DEBF05D8ECED3BEF4440,2014-09-27 08:29:44.569512+00,2014-09-27 08:30:08.695913+00,10,Los Monegros,60
Huesca,Sabiñánigo,42.5030131,-0.3616008,0101000020E6100000A5468DAE7724D7BFD3FAB6BB62404540,2014-09-27 08:29:44.569512+00,2014-09-27 08:30:08.695913+00,2,Alto Gállego,61
Huesca,Sahún,42.5991902,0.4219444,0101000020E6100000EEBDAE152301DB3FB78AB443B24C4540,2014-09-27 08:29:44.569512+00,2014-09-27 08:30:08.695913+00,4,La Ribagorza,62
Huesca,Sallent de Gállego,42.8048358,-0.3183792,0101000020E61000005281EE265360D4BF33D307DC04674540,2014-09-27 08:29:44.569512+00,2014-09-27 08:30:08.695913+00,2,Alto Gállego,63
Huesca,Santa Cilia,42.557843,-0.71418,0101000020E61000000AA2EE0390DAE6BFB9A6406667474540,2014-09-27 08:29:44.569512+00,2014-09-27 08:30:08.695913+00,1,La Jacetania,64
Huesca,Sariñena,41.780425,-0.1682271,0101000020E6100000998466327788C5BF8BFD65F7E4E34440,2014-09-27 08:29:44.569512+00,2014-09-27 08:30:08.695913+00,10,Los Monegros,65
Huesca,Sena,41.6709743,-0.0840215,0101000020E6100000622EA9DA6E82B5BF6E7A617CE2D54440,2014-09-27 08:29:44.569512+00,2014-09-27 08:30:08.695913+00,10,Los Monegros,66
Huesca,Senegüé,42.5553546,-0.3418927,0101000020E6100000D36E4FEB91E1D5BF72570ADC15474540,2014-09-27 08:29:44.569512+00,2014-09-27 08:30:08.695913+00,2,Alto Gállego,67
Huesca,Tamarite de Litera,41.8494373,0.403094,0101000020E61000004BAFCDC64ACCD93F53C0875CBAEC4440,2014-09-27 08:29:44.569512+00,2014-09-27 08:30:08.695913+00,9,La Litera / La Llitera,68
Huesca,Tardienta,41.9380169,-0.5825359,0101000020E6100000A1DEE75322A4E2BF334C12F010F84440,2014-09-27 08:29:44.569512+00,2014-09-27 08:30:08.695913+00,10,Los Monegros,69
Huesca,Tierrantona,42.3640472,0.2526163,0101000020E610000006F0BB8EDD2AD03FA6194119992E4540,2014-09-27 08:29:44.569512+00,2014-09-27 08:30:08.695913+00,3,Sobrarbe,70
Huesca,Tierz,42.1346588,-0.3545655,0101000020E6100000868DB27E33B1D6BF2E0FE37F3C114540,2014-09-27 08:29:44.569512+00,2014-09-27 08:30:08.695913+00,6,Hoya de Huesca / Plana de Uesca,71
Huesca,Torrente de Cinca,41.4608288,0.3183792,0101000020E61000005281EE265360D43F08872870FCBA4440,2014-09-27 08:29:44.569512+00,2014-09-27 08:30:08.695913+00,11,Bajo Cinca / Baix Cinca,72
Huesca,Vencillón,41.7103984,0.3277829,0101000020E6100000D208EC2065FAD43FBC90B355EEDA4440,2014-09-27 08:29:44.569512+00,2014-09-27 08:30:08.695913+00,9,La Litera / La Llitera,73
Huesca,Villanueva de Sigena,41.7144249,-0.0070347,0101000020E61000003AA7FEE66AD07CBF5A796E4672DB4440,2014-09-27 08:29:44.569512+00,2014-09-27 08:30:08.695913+00,10,Los Monegros,74
Huesca,Villanúa,42.6771153,-0.5163312,0101000020E610000022F13C02C985E0BF848FD2B6AB564540,2014-09-27 08:29:44.569512+00,2014-09-27 08:30:08.695913+00,1,La Jacetania,75
Huesca,Zaidín,41.6049804,0.2671737,0101000020E6100000F37BF6B75F19D13F4A5C6CFF6FCD4440,2014-09-27 08:29:44.569512+00,2014-09-27 08:30:08.695913+00,11,Bajo Cinca / Baix Cinca,76
Teruel,Aguaviva,40.8199496,-0.201352,0101000020E610000001FA7DFFE6C5C9BF242FC61BF4684440,2014-09-27 08:29:44.569512+00,2014-09-27 08:30:08.695913+00,28,Bajo Aragón,77
Teruel,Albalate del Arzobispo,41.138852,-0.5446912,0101000020E610000069684D3D1C6EE1BFFA7DFFE6C5914440,2014-09-27 08:29:44.569512+00,2014-09-27 08:30:08.695913+00,23,Bajo Martín,78
Teruel,Albarracín,40.5833598,-1.52752,0101000020E610000054C6BFCFB870F8BF8A66AF88AB4A4440,2014-09-27 08:29:44.569512+00,2014-09-27 08:30:08.695913+00,31,Sierra de Albarracín,79
Teruel,Alcañiz,41.0795661,-0.1869644,0101000020E6100000E314C20F73EEC7BF65AFD2382F8A4440,2014-09-27 08:29:44.569512+00,2014-09-27 08:30:08.695913+00,28,Bajo Aragón,80
Teruel,Alcorisa,40.8941958,-0.3803418,0101000020E61000003F5013228557D8BF3B9C0A0275724440,2014-09-27 08:29:44.569512+00,2014-09-27 08:30:08.695913+00,28,Bajo Aragón,81
Teruel,Aliaga,40.6680341,-0.7105267,0101000020E6100000E8E96D7DA2BCE6BF700E322482554440,2014-09-27 08:29:44.569512+00,2014-09-27 08:30:08.695913+00,26,Cuencas Mineras,82
Teruel,Andorra,40.9768523,-0.4506512,0101000020E61000004BCD792178D7DCBFDDC2047F097D4440,2014-09-27 08:29:44.569512+00,2014-09-27 08:30:08.695913+00,27,Andorra - Sierra de Arcos,83
Teruel,Ariño,41.0311032,-0.5948973,0101000020E61000008451FF0F6609E3BF85668D30FB834440,2014-09-27 08:29:44.569512+00,2014-09-27 08:30:08.695913+00,27,Andorra - Sierra de Arcos,84
Teruel,Beceite,40.8321032,0.1839318,0101000020E610000085E2D8C4138BC73FCF728F5B826A4440,2014-09-27 08:29:44.569512+00,2014-09-27 08:30:08.695913+00,33,Matarraña / Matarranya,85
Teruel,Bello,40.9287521,-1.5015009,0101000020E610000010A2C6CE2506F8BFB0CB4B59E1764440,2014-09-27 08:29:44.569512+00,2014-09-27 08:30:08.695913+00,25,Jiloca,86
Teruel,Bronchales,40.5080273,-1.5867338,0101000020E61000002B5327FB4263F9BFD37CDF0907414440,2014-09-27 08:29:44.569512+00,2014-09-27 08:30:08.695913+00,31,Sierra de Albarracín,87
Teruel,Calaceite,41.0141815,0.1869228,0101000020E61000004E39701816EDC73FA75A0BB3D0814440,2014-09-27 08:29:44.569512+00,2014-09-27 08:30:08.695913+00,33,Matarraña / Matarranya,88
Teruel,Calamocha,40.9163034,-1.3013142,0101000020E61000005F20ADD62ED2F4BF571B086E49754440,2014-09-27 08:29:44.569512+00,2014-09-27 08:30:08.695913+00,25,Jiloca,89
Teruel,Calanda,40.9483544,-0.2338473,0101000020E6100000E502E154B5EECDBF44824EAD63794440,2014-09-27 08:29:44.569512+00,2014-09-27 08:30:08.695913+00,28,Bajo Aragón,90
Teruel,Caminreal,40.8384698,-1.3251589,0101000020E6100000A80D98D1D933F5BF82D778FA526B4440,2014-09-27 08:29:44.569512+00,2014-09-27 08:30:08.695913+00,25,Jiloca,91
Teruel,Cantavieja,40.5232955,-0.4049537,0101000020E61000007F3A79ECC2EAD9BF6E52D158FB424440,2014-09-27 08:29:44.569512+00,2014-09-27 08:30:08.695913+00,30,Maestrazgo,92
Teruel,Castellote,40.7863768,-0.3089777,0101000020E6100000045F2C674AC6D3BFA42AB7FEA7644440,2014-09-27 08:29:44.569512+00,2014-09-27 08:30:08.695913+00,30,Maestrazgo,93
Teruel,Castelserás,40.9686988,-0.1401381,0101000020E6100000CA3736960BF0C1BF54D68052FE7B4440,2014-09-27 08:29:44.569512+00,2014-09-27 08:30:08.695913+00,28,Bajo Aragón,94
Teruel,Cedrillas,40.4382751,-0.8579818,0101000020E6100000D705723F9674EBBF5893026619384440,2014-09-27 08:29:44.569512+00,2014-09-27 08:30:08.695913+00,29,Comunidad de Teruel,95
Teruel,Cella,40.4446851,-1.2698475,0101000020E61000008C84B69C4B51F4BF5EC2FC70EB384440,2014-09-27 08:29:44.569512+00,2014-09-27 08:30:08.695913+00,29,Comunidad de Teruel,96
Teruel,Codoñera (La),40.9485722,-0.0653341,0101000020E6100000AC47D04EBCB9B0BF887258D06A794440,2014-09-27 08:29:44.569512+00,2014-09-27 08:30:08.695913+00,28,Bajo Aragón,97
Teruel,Cretas,40.9282239,0.1963364,0101000020E610000005D781188D21C93FCBEE6E0AD0764440,2014-09-27 08:29:44.569512+00,2014-09-27 08:30:08.695913+00,33,Matarraña / Matarranya,98
Teruel,Escucha,40.795904,-0.8110325,0101000020E6100000A4C7EF6DFAF3E9BFB760A92EE0654440,2014-09-27 08:29:44.569512+00,2014-09-27 08:30:08.695913+00,26,Cuencas Mineras,99
Teruel,Fortanete,40.5053221,-0.5239575,0101000020E610000031CEDF8442C4E0BF18B90265AE404440,2014-09-27 08:29:44.569512+00,2014-09-27 08:30:08.695913+00,30,Maestrazgo,100
Teruel,Foz-Calanda,40.907865,-0.2713944,0101000020E61000009D52149E865ED1BF6E179AEB34744440,2014-09-27 08:29:44.569512+00,2014-09-27 08:30:08.695913+00,28,Bajo Aragón,101
Teruel,Fresneda (La),40.928372,0.0653341,0101000020E6100000AC47D04EBCB9B03FD542C9E4D4764440,2014-09-27 08:29:44.569512+00,2014-09-27 08:30:08.695913+00,33,Matarraña / Matarranya,102
Teruel,Híjar,41.0991936,-0.3936722,0101000020E61000002E0A16E2EC31D9BF7BFC3960B28C4440,2014-09-27 08:29:44.569512+00,2014-09-27 08:30:08.695913+00,23,Bajo Martín,103
Teruel,Manzanera,40.0587958,-0.8290719,0101000020E6100000EA0A11CBC187EABF3212EB9E86074440,2014-09-27 08:29:44.569512+00,2014-09-27 08:30:08.695913+00,32,Gúdar - Javalambre,104
Teruel,Martín del Río,40.8455293,-0.8923395,0101000020E61000004DBA2D910B8EECBFA7A7D94D3A6C4440,2014-09-27 08:29:44.569512+00,2014-09-27 08:30:08.695913+00,26,Cuencas Mineras,105
Teruel,Mas de las Matas,40.8472001,-0.2713944,0101000020E61000009D52149E865ED1BF7F55890D716C4440,2014-09-27 08:29:44.569512+00,2014-09-27 08:30:08.695913+00,28,Bajo Aragón,106
Teruel,Mata de los Olmos (La),40.8967954,-0.5446912,0101000020E610000069684D3D1C6EE1BF041A1131CA724440,2014-09-27 08:29:44.569512+00,2014-09-27 08:30:08.695913+00,27,Andorra - Sierra de Arcos,107
Teruel,Mazaleón,41.0483247,0.1012578,0101000020E6100000430477FB07ECB93F650BF7802F864440,2014-09-27 08:29:44.569512+00,2014-09-27 08:30:08.695913+00,33,Matarraña / Matarranya,108
Teruel,Monreal del Campo,40.7688305,-1.3469247,0101000020E610000035CB0AEA008DF5BF6BD5AE0969624440,2014-09-27 08:29:44.569512+00,2014-09-27 08:30:08.695913+00,25,Jiloca,109
Teruel,Monroyo,40.7868758,-0.0325976,0101000020E61000008F2EDBF3A1B0A0BFC581A158B8644440,2014-09-27 08:29:44.569512+00,2014-09-27 08:30:08.695913+00,33,Matarraña / Matarranya,110
Teruel,Montalbán,40.8547979,-0.810357,0101000020E6100000A2B5A2CD71EEE9BF419880046A6D4440,2014-09-27 08:29:44.569512+00,2014-09-27 08:30:08.695913+00,26,Cuencas Mineras,111
Teruel,Mora de Rubielos,40.2498148,-0.7531186,0101000020E61000003B4CA02D8C19E8BF45076EEEF91F4440,2014-09-27 08:29:44.569512+00,2014-09-27 08:30:08.695913+00,32,Gúdar - Javalambre,112
Teruel,Moscardón,40.3320907,-1.5364768,0101000020E6100000F40071B26895F8BF23E7B3F2812A4440,2014-09-27 08:29:44.569512+00,2014-09-27 08:30:08.695913+00,31,Sierra de Albarracín,113
Teruel,Mosqueruela,40.4100752,-0.4313729,0101000020E6100000095D78149D9BDBBF49731A587D344440,2014-09-27 08:29:44.569512+00,2014-09-27 08:30:08.695913+00,32,Gúdar - Javalambre,114
Teruel,Muniesa,41.0302743,-0.8084451,0101000020E6100000FF902342C8DEE9BF64343C07E0834440,2014-09-27 08:29:44.569512+00,2014-09-27 08:30:08.695913+00,26,Cuencas Mineras,115
Teruel,Ojos Negros,40.7273797,-1.4241426,0101000020E610000051723DC049C9F6BF1CA32BC71A5D4440,2014-09-27 08:29:44.569512+00,2014-09-27 08:30:08.695913+00,25,Jiloca,116
Teruel,Perales del Alfambra,40.634536,-1.0033353,0101000020E6100000F1C1C650A90DF0BF3C11C47938514440,2014-09-27 08:29:44.569512+00,2014-09-27 08:30:08.695913+00,29,Comunidad de Teruel,117
Teruel,Peñarroya de Tastavins,40.7546078,0.0403058,0101000020E6100000B8A0AD39F6A2A43F3C2707FD96604440,2014-09-27 08:29:44.569512+00,2014-09-27 08:30:08.695913+00,33,Matarraña / Matarranya,118
Teruel,Poyo del Cid (El),40.8844074,-1.3340657,0101000020E6100000107283465558F5BF92ABFD4234714440,2014-09-27 08:29:44.569512+00,2014-09-27 08:30:08.695913+00,25,Jiloca,119
Teruel,Puebla de Híjar (La),41.2191651,-0.4439277,0101000020E6100000C57652BA4F69DCBF58761C9A0D9C4440,2014-09-27 08:29:44.569512+00,2014-09-27 08:30:08.695913+00,23,Bajo Martín,120
Teruel,Puigmoreno,41.108049,-0.252328,0101000020E61000009A5DF7562426D0BFC9AEB48CD48D4440,2014-09-27 08:29:44.569512+00,2014-09-27 08:30:08.695913+00,28,Bajo Aragón,121
Teruel,Rubielos de Mora,40.1741696,-0.6488505,0101000020E6100000B0C8AF1F62C3E4BF8CFA7F304B164440,2014-09-27 08:29:44.569512+00,2014-09-27 08:30:08.695913+00,32,Gúdar - Javalambre,122
Teruel,San Blas,40.3538618,-1.1833043,0101000020E610000072755B7DD0EEF2BFDF26ED574B2D4440,2014-09-27 08:29:44.569512+00,2014-09-27 08:30:08.695913+00,29,Comunidad de Teruel,123
Teruel,Santa Eulalia,40.566241,-1.3169888,0101000020E61000002D2C13D96212F5BFC153C8957A484440,2014-09-27 08:29:44.569512+00,2014-09-27 08:30:08.695913+00,29,Comunidad de Teruel,124
Teruel,Sarrión,40.1432049,-0.8159829,0101000020E6100000310CB32B881CEABF4010C58954124440,2014-09-27 08:29:44.569512+00,2014-09-27 08:30:08.695913+00,32,Gúdar - Javalambre,125
Teruel,Terriente,40.2888201,-1.5111806,0101000020E6100000339875B5CB2DF8BFB7F6990EF8244440,2014-09-27 08:29:44.569512+00,2014-09-27 08:30:08.695913+00,31,Sierra de Albarracín,126
Teruel,Teruel,40.3367268,-1.1068816,0101000020E6100000DAB4087BC9B5F1BFE7D720DD192B4440,2014-09-27 08:29:44.569512+00,2014-09-27 08:30:08.695913+00,29,Comunidad de Teruel,127
Teruel,Torrecilla de Alcañiz,40.9626091,-0.0881204,0101000020E6100000B1451CFC0E8FB6BF7FAA65C6367B4440,2014-09-27 08:29:44.569512+00,2014-09-27 08:30:08.695913+00,28,Bajo Aragón,128
Teruel,Tramacastilla,40.4303823,-1.5716909,0101000020E61000009FBB6E5BA525F9BF7DA367C416374440,2014-09-27 08:29:44.569512+00,2014-09-27 08:30:08.695913+00,31,Sierra de Albarracín,129
Teruel,Urrea de Gaén,41.1692494,-0.4974359,0101000020E61000000DCE9662FDD5DFBF0EEFDEF6A9954440,2014-09-27 08:29:44.569512+00,2014-09-27 08:30:08.695913+00,23,Bajo Martín,130
Teruel,Utrillas,40.8038614,-0.8579818,0101000020E6100000D705723F9674EBBF26C22BEEE4664440,2014-09-27 08:29:44.569512+00,2014-09-27 08:30:08.695913+00,26,Cuencas Mineras,131
Teruel,Valdealgorfa,40.987347,-0.0336307,0101000020E61000001E7E48090B38A1BFE066F162617E4440,2014-09-27 08:29:44.569512+00,2014-09-27 08:30:08.695913+00,28,Bajo Aragón,132
Teruel,Valderrobres,40.8575596,0.1307797,0101000020E61000004A873DA363BDC03F782F5283C46D4440,2014-09-27 08:29:44.569512+00,2014-09-27 08:30:08.695913+00,33,Matarraña / Matarranya,133
Teruel,Valjunquera,40.9523208,0.0259428,0101000020E6100000D34444D6BF909A3F79A6E1A5E5794440,2014-09-27 08:29:44.569512+00,2014-09-27 08:30:08.695913+00,33,Matarraña / Matarranya,134
Teruel,Villarquemado,40.5188204,-1.2647367,0101000020E6100000BFD0C88C5C3CF4BFB33FF5B468424440,2014-09-27 08:29:44.569512+00,2014-09-27 08:30:08.695913+00,29,Comunidad de Teruel,135
Teruel,Villaspesa,40.298113,-1.1209329,0101000020E6100000C12A285657EFF1BF98C1189128264440,2014-09-27 08:29:44.569512+00,2014-09-27 08:30:08.695913+00,29,Comunidad de Teruel,136
Teruel,Villastar,40.2723909,-1.1640968,0101000020E6100000530D56F723A0F2BF2F9D7BB4DD224440,2014-09-27 08:29:44.569512+00,2014-09-27 08:30:08.695913+00,29,Comunidad de Teruel,137
Zaragoza,Aguarón,41.3403809,-1.2681212,0101000020E610000012D49574394AF4BF6ED7F09991AB4440,2014-09-27 08:29:44.569512+00,2014-09-27 08:30:08.695913+00,21,Campo de Cariñena,138
Zaragoza,Alagón,41.7651038,-1.1257082,0101000020E6100000A86CFD99E602F2BFCD85DBEBEEE14440,2014-09-27 08:29:44.569512+00,2014-09-27 08:30:08.695913+00,15,Ribera Alta del Ebro,140
Zaragoza,Alfajarín,41.6161704,-0.7061652,0101000020E61000007858F2C2E798E6BFB261F2ABDECE4440,2014-09-27 08:29:44.569512+00,2014-09-27 08:30:08.695913+00,17,Zaragoza,141
Zaragoza,Alfamén,41.4377972,-1.2431999,0101000020E61000005E3F0E9425E4F3BFE32318BD09B84440,2014-09-27 08:29:44.569512+00,2014-09-27 08:30:08.695913+00,21,Campo de Cariñena,142
Zaragoza,Alhama de Aragón,41.2969086,-1.8939172,0101000020E61000006D4F351F7C4DFEBF5973DB1901A64440,2014-09-27 08:29:44.569512+00,2014-09-27 08:30:08.695913+00,20,Comunidad de Calatayud,143
Zaragoza,Almonacid de la Sierra,41.3980155,-1.3217955,0101000020E6100000DEFFC7091326F5BF8AE6012CF2B24440,2014-09-27 08:29:44.569512+00,2014-09-27 08:30:08.695913+00,16,Valdejalón,144
Zaragoza,Almunia de Doña Godina (La),41.4633038,-1.3565692,0101000020E6100000942CCCE781B4F5BF678EF6894DBB4440,2014-09-27 08:29:44.569512+00,2014-09-27 08:30:08.695913+00,16,Valdejalón,145
Zaragoza,Alpartir,41.4230436,-1.3758649,0101000020E6100000D16DD3E98A03F6BF1C64ED4A26B64440,2014-09-27 08:29:44.569512+00,2014-09-27 08:30:08.695913+00,16,Valdejalón,146
Zaragoza,Aniñón,41.4786848,-1.7052325,0101000020E61000009B38B9DFA148FBBFD18B248B45BD4440,2014-09-27 08:29:44.569512+00,2014-09-27 08:30:08.695913+00,20,Comunidad de Calatayud,147
Zaragoza,Ariza,41.290855,-2.1061411,0101000020E61000007B174A8160D900C0657094BC3AA54440,2014-09-27 08:29:44.569512+00,2014-09-27 08:30:08.695913+00,20,Comunidad de Calatayud,148
Zaragoza,Ateca,41.331716,-1.7908827,0101000020E61000000C8E379E74A7FCBFACC77DAB75AA4440,2014-09-27 08:29:44.569512+00,2014-09-27 08:30:08.695913+00,20,Comunidad de Calatayud,149
Zaragoza,Azuara,41.2588669,-0.8733086,0101000020E6100000F3188AE024F2EBBF2AC2F28C22A14440,2014-09-27 08:29:44.569512+00,2014-09-27 08:30:08.695913+00,22,Campo de Belchite,150
Zaragoza,Bardenas,42.1990981,-1.3180042,0101000020E6100000ADD96F928B16F5BF0E19EA0B7C194540,2014-09-27 08:29:44.569512+00,2014-09-27 08:30:08.695913+00,5,Cinco Villas,151
Zaragoza,Belchite,41.3387259,-0.7342734,0101000020E6100000C653EAED2A7FE7BF7267CB5E5BAB4440,2014-09-27 08:29:44.569512+00,2014-09-27 08:30:08.695913+00,22,Campo de Belchite,152
Zaragoza,Biota,42.2497874,-1.1929114,0101000020E6100000C168A0432A16F3BFF8F99408F91F4540,2014-09-27 08:29:44.569512+00,2014-09-27 08:30:08.695913+00,5,Cinco Villas,153
Zaragoza,Boquiñeni,41.8380202,-1.2842887,0101000020E61000002BF5D14E728CF4BF9631F43E44EB4440,2014-09-27 08:29:44.569512+00,2014-09-27 08:30:08.695913+00,15,Ribera Alta del Ebro,154
Zaragoza,Borja,41.8497867,-1.5402327,0101000020E61000002DAD2B0BCBA4F8BFB38982CFC5EC4440,2014-09-27 08:29:44.569512+00,2014-09-27 08:30:08.695913+00,13,Campo de Borja,155
Zaragoza,Brea de Aragón,41.5252652,-1.593546,0101000020E6100000F0BE2A172A7FF9BF0BDDDBE33BC34440,2014-09-27 08:29:44.569512+00,2014-09-27 08:30:08.695913+00,14,Aranda,156
Zaragoza,Bujaraloz,41.4611936,-0.1307797,0101000020E61000004A873DA363BDC0BFF08F526408BB4440,2014-09-27 08:29:44.569512+00,2014-09-27 08:30:08.695913+00,10,Los Monegros,157
Zaragoza,Burgo de Ebro (El),41.5639307,-0.729523,0101000020E6100000FDC0559E4058E7BFEEDA94E12EC84440,2014-09-27 08:29:44.569512+00,2014-09-27 08:30:08.695913+00,17,Zaragoza,158
Zaragoza,Cadrete,41.5568476,-0.9618349,0101000020E610000085D8F4FB59C7EEBF946D3BC846C74440,2014-09-27 08:29:44.569512+00,2014-09-27 08:30:08.695913+00,17,Zaragoza,159
Zaragoza,Calatayud,41.352763,-1.642298,0101000020E61000004F948444DA46FABF931E865627AD4440,2014-09-27 08:29:44.569512+00,2014-09-27 08:30:08.695913+00,20,Comunidad de Calatayud,160
Zaragoza,Calatorao,41.5244263,-1.345042,0101000020E610000063F19BC24A85F5BFC6D4A76620C34440,2014-09-27 08:29:44.569512+00,2014-09-27 08:30:08.695913+00,16,Valdejalón,161
Zaragoza,Cariñena,41.3349004,-1.1929114,0101000020E6100000C168A0432A16F3BF6BB52C04DEAA4440,2014-09-27 08:29:44.569512+00,2014-09-27 08:30:08.695913+00,21,Campo de Cariñena,162
Zaragoza,Cartuja Baja,41.5386782,-0.7722974,0101000020E610000086257909A9B6E8BFB9084268F3C44440,2014-09-27 08:29:44.569512+00,2014-09-27 08:30:08.695913+00,17,Zaragoza,163
Zaragoza,Casetas,41.718519,-1.0250566,0101000020E610000084C8D8BFA166F0BFFE463B6EF8DB4440,2014-09-27 08:29:44.569512+00,2014-09-27 08:30:08.695913+00,17,Zaragoza,164
Zaragoza,Caspe,41.2607625,-0.0559939,0101000020E61000009A0D8D823BABACBFF8C264AA60A14440,2014-09-27 08:29:44.569512+00,2014-09-27 08:30:08.695913+00,19,Bajo Aragón - Caspe / Baix Aragó - Casp,165
Zaragoza,Chiprana,41.262352,-0.127223,0101000020E6100000E54526E0D748C0BF250516C094A14440,2014-09-27 08:29:44.569512+00,2014-09-27 08:30:08.695913+00,19,Bajo Aragón - Caspe / Baix Aragó - Casp,166
Zaragoza,Cosuenda,41.3600351,-1.2996363,0101000020E6100000721CD36E4FCBF4BFBFF451A115AE4440,2014-09-27 08:29:44.569512+00,2014-09-27 08:30:08.695913+00,21,Campo de Cariñena,167
Zaragoza,Cuarte de Huerva,41.5825407,-0.9199773,0101000020E610000006FF113C7470EDBF638B93B190CA4440,2014-09-27 08:29:44.569512+00,2014-09-27 08:30:08.695913+00,17,Zaragoza,168
Zaragoza,Daroca,41.1143073,-1.4125791,0101000020E6100000B735D88AEC99F6BFD798219FA18E4440,2014-09-27 08:29:44.569512+00,2014-09-27 08:30:08.695913+00,24,Campo de Daroca,169
Zaragoza,Ejea de los Caballeros,42.125017,-1.1380126,0101000020E610000091F936B34C35F2BFD6389B8E00104540,2014-09-27 08:29:44.569512+00,2014-09-27 08:30:08.695913+00,5,Cinco Villas,170
Zaragoza,Erla,42.1085683,-0.9868468,0101000020E61000002D3185BD3F94EFBFF0F0E890E50D4540,2014-09-27 08:29:44.569512+00,2014-09-27 08:30:08.695913+00,5,Cinco Villas,171
Zaragoza,Escatrón,41.2896632,-0.323394,0101000020E6100000793F6EBF7CB2D4BF676D09AF13A54440,2014-09-27 08:29:44.569512+00,2014-09-27 08:30:08.695913+00,18,Ribera Baja del Ebro,172
Zaragoza,Fayón,41.2704047,0.3089777,0101000020E6100000045F2C674AC6D33FA497079F9CA24440,2014-09-27 08:29:44.569512+00,2014-09-27 08:30:08.695913+00,19,Bajo Aragón - Caspe / Baix Aragó - Casp,173
Zaragoza,Figueruelas,41.7645272,-1.1833043,0101000020E610000072755B7DD0EEF2BF8473FC06DCE14440,2014-09-27 08:29:44.569512+00,2014-09-27 08:30:08.695913+00,15,Ribera Alta del Ebro,174
Zaragoza,Frasno (El),41.401577,-1.4918235,0101000020E6100000D5777E5182DEF7BFB4E908E066B34440,2014-09-27 08:29:44.569512+00,2014-09-27 08:30:08.695913+00,20,Comunidad de Calatayud,175
Zaragoza,Fuendejalón,41.7629975,-1.4715341,0101000020E6100000422E2757678BF7BF02B7EEE6A9E14440,2014-09-27 08:29:44.569512+00,2014-09-27 08:30:08.695913+00,13,Campo de Borja,176
Zaragoza,Fuentes de Ebro,41.5119734,-0.6305266,0101000020E61000002442C81E462DE4BF02B6285888C14440,2014-09-27 08:29:44.569512+00,2014-09-27 08:30:08.695913+00,17,Zaragoza,177
Zaragoza,Fábara,41.2205171,0.1307797,0101000020E61000004A873DA363BDC03FB95A82E7399C4440,2014-09-27 08:29:44.569512+00,2014-09-27 08:30:08.695913+00,19,Bajo Aragón - Caspe / Baix Aragó - Casp,178
Zaragoza,Gallur,41.8686535,-1.3140797,0101000020E61000005D667D6F7806F5BF2907B30930EF4440,2014-09-27 08:29:44.569512+00,2014-09-27 08:30:08.695913+00,15,Ribera Alta del Ebro,179
Zaragoza,Garrapinillos,41.6830687,-1.0245572,0101000020E6100000EF192E179664F0BFEBB58FCB6ED74440,2014-09-27 08:29:44.569512+00,2014-09-27 08:30:08.695913+00,17,Zaragoza,180
Zaragoza,Gelsa,41.4305365,-0.403094,0101000020E61000004BAFCDC64ACCD9BFFE9DEDD11BB74440,2014-09-27 08:29:44.569512+00,2014-09-27 08:30:08.695913+00,18,Ribera Baja del Ebro,181
Zaragoza,Gotor,41.5444276,-1.6517812,0101000020E6100000B75CA21FB26DFABF1785B8CDAFC54440,2014-09-27 08:29:44.569512+00,2014-09-27 08:30:08.695913+00,14,Aranda,182
Zaragoza,Herrera de los Navarros,41.2100459,-1.0848608,0101000020E6100000FA658BFF965BF1BF5694B7C8E29A4440,2014-09-27 08:29:44.569512+00,2014-09-27 08:30:08.695913+00,24,Campo de Daroca,183
Zaragoza,Illueca,41.5347142,-1.6323607,0101000020E61000002269DC40261EFABF79DAD08371C44440,2014-09-27 08:29:44.569512+00,2014-09-27 08:30:08.695913+00,14,Aranda,185
Zaragoza,Jaraba,41.1949215,-1.900155,0101000020E6100000494BE5ED0867FEBFC5E40D30F3984440,2014-09-27 08:29:44.569512+00,2014-09-27 08:30:08.695913+00,20,Comunidad de Calatayud,186
Zaragoza,Joyosa (La),41.7505898,-1.0825634,0101000020E6100000898BEDFF2D52F1BF08DB995313E04440,2014-09-27 08:29:44.569512+00,2014-09-27 08:30:08.695913+00,15,Ribera Alta del Ebro,187
Zaragoza,Leciñena,41.7982595,-0.6095158,0101000020E61000001CA66C472781E3BF541C075E2DE64440,2014-09-27 08:29:44.569512+00,2014-09-27 08:30:08.695913+00,10,Los Monegros,188
Zaragoza,Longares,41.4010999,-1.1680594,0101000020E6100000ED90AC0D5FB0F2BFE576D43D57B34440,2014-09-27 08:29:44.569512+00,2014-09-27 08:30:08.695913+00,21,Campo de Cariñena,189
Zaragoza,Luceni,41.8233793,-1.2602228,0101000020E6100000DBC6FA61DF29F4BF08DA2E7E64E94440,2014-09-27 08:29:44.569512+00,2014-09-27 08:30:08.695913+00,15,Ribera Alta del Ebro,190
Zaragoza,Lumpiaque,41.6322448,-1.3004641,0101000020E610000003F4B171B3CEF4BF7588C965EDD04440,2014-09-27 08:29:44.569512+00,2014-09-27 08:30:08.695913+00,16,Valdejalón,191
Zaragoza,Lécera,41.2050286,-0.7095978,0101000020E610000097080A7206B5E6BF51DF8D603E9A4440,2014-09-27 08:29:44.569512+00,2014-09-27 08:30:08.695913+00,22,Campo de Belchite,192
Zaragoza,Maella,41.1237454,0.1370125,0101000020E610000061545227A089C13FE503A7E3D68F4440,2014-09-27 08:29:44.569512+00,2014-09-27 08:30:08.695913+00,19,Bajo Aragón - Caspe / Baix Aragó - Casp,193
Zaragoza,Magallón,41.8310424,-1.4605551,0101000020E61000009E1848066F5EF7BF70CBEC985FEA4440,2014-09-27 08:29:44.569512+00,2014-09-27 08:30:08.695913+00,13,Campo de Borja,194
Zaragoza,Mainar,41.2030264,-1.3180042,0101000020E6100000ADD96F928B16F5BFC01CE2C4FC994440,2014-09-27 08:29:44.569512+00,2014-09-27 08:30:08.695913+00,24,Campo de Daroca,195
Zaragoza,Mallén,41.9020852,-1.4163742,0101000020E6100000E05E3EFE77A9F6BF521A208777F34440,2014-09-27 08:29:44.569512+00,2014-09-27 08:30:08.695913+00,13,Campo de Borja,196
Zaragoza,Maluenda,41.2870313,-1.6175844,0101000020E61000000751082EA0E1F9BFD5360F71BDA44440,2014-09-27 08:29:44.569512+00,2014-09-27 08:30:08.695913+00,20,Comunidad de Calatayud,197
Zaragoza,María de Huerva,41.5070187,-0.9916274,0101000020E61000000C299A6269BBEFBFF07A1FFDE5C04440,2014-09-27 08:29:44.569512+00,2014-09-27 08:30:08.695913+00,17,Zaragoza,198
Zaragoza,Mequinenza,41.3208481,0.1869644,0101000020E6100000E314C20F73EEC73FEB3DF08C11A94440,2014-09-27 08:29:44.569512+00,2014-09-27 08:30:08.695913+00,11,Bajo Cinca / Baix Cinca,199
Zaragoza,Montañana,41.683183,-0.8259509,0101000020E6100000AC41F394306EEABF7217618A72D74440,2014-09-27 08:29:44.569512+00,2014-09-27 08:30:08.695913+00,17,Zaragoza,200
Zaragoza,Monzalbarba,41.7006647,-0.9716398,0101000020E61000004FBE8F59AC17EFBF17FB8161AFD94440,2014-09-27 08:29:44.569512+00,2014-09-27 08:30:08.695913+00,17,Zaragoza,201
Zaragoza,Morata de Jalón,41.4418714,-1.4724751,0101000020E61000000ECAEA0C428FF7BFD404F63D8FB84440,2014-09-27 08:29:44.569512+00,2014-09-27 08:30:08.695913+00,16,Valdejalón,202
Zaragoza,Mores,41.4806128,-1.5693045,0101000020E61000003B730F09DF1BF9BFFE0461B884BD4440,2014-09-27 08:29:44.569512+00,2014-09-27 08:30:08.695913+00,20,Comunidad de Calatayud,203
Zaragoza,Moros,41.3965285,-1.8415871,0101000020E610000088C4F3082477FDBF4AB72572C1B24440,2014-09-27 08:29:44.569512+00,2014-09-27 08:30:08.695913+00,20,Comunidad de Calatayud,204
Zaragoza,Movera,41.6688821,-0.8388303,0101000020E6100000939A2CA4B2D7EABF9D30BCED9DD54440,2014-09-27 08:29:44.569512+00,2014-09-27 08:30:08.695913+00,17,Zaragoza,205
Zaragoza,Muel,41.4667626,-1.0860194,0101000020E61000000A25DDE05560F1BF7BFF7AE0BEBB4440,2014-09-27 08:29:44.569512+00,2014-09-27 08:30:08.695913+00,21,Campo de Cariñena,206
Zaragoza,Muela (La),41.5758184,-1.1161166,0101000020E6100000095D78149DDBF1BFB037D66AB4C94440,2014-09-27 08:29:44.569512+00,2014-09-27 08:30:08.695913+00,16,Valdejalón,207
Zaragoza,Murillo De Gállego,42.3319419,-0.810357,0101000020E6100000A2B5A2CD71EEE9BF07567A127D2A4540,2014-09-27 08:29:44.569512+00,2014-09-27 08:30:08.695913+00,6,Hoya de Huesca / Plana de Uesca,208
Zaragoza,Novallas,41.9486242,-1.6973699,0101000020E6100000C86F1B576D28FBBFDA988D846CF94440,2014-09-27 08:29:44.569512+00,2014-09-27 08:30:08.695913+00,12,Tarazona y El Moncayo,209
Zaragoza,Novillas,41.9349232,-1.3940978,0101000020E61000000CCFA67E394EF6BFC6223C90ABF74440,2014-09-27 08:29:44.569512+00,2014-09-27 08:30:08.695913+00,13,Campo de Borja,210
Zaragoza,Nuez de Ebro,41.5929155,-0.6828946,0101000020E610000018AEB3C645DAE5BF4FE5B4A7E4CB4440,2014-09-27 08:29:44.569512+00,2014-09-27 08:30:08.695913+00,17,Zaragoza,211
Zaragoza,Ontinar de Salz,41.9348084,-0.7573233,0101000020E610000025F6BF12FE3BE8BF570339CDA7F74440,2014-09-27 08:29:44.569512+00,2014-09-27 08:30:08.695913+00,17,Zaragoza,212
Zaragoza,Paniza,41.2858114,-1.2120321,0101000020E6100000383C73C57B64F3BF78E9CB7795A44440,2014-09-27 08:29:44.569512+00,2014-09-27 08:30:08.695913+00,21,Campo de Cariñena,213
Zaragoza,Pastriz,41.618856,-0.784308,0101000020E6100000A6B73F170D19E9BF797764AC36CF4440,2014-09-27 08:29:44.569512+00,2014-09-27 08:30:08.695913+00,17,Zaragoza,214
Zaragoza,Pedrola,41.7739731,-1.2313618,0101000020E6100000F7B2486EA8B3F3BFEB3DF08C11E34440,2014-09-27 08:29:44.569512+00,2014-09-27 08:30:08.695913+00,15,Ribera Alta del Ebro,215
Zaragoza,Perdiguera,41.7520939,-0.6341936,0101000020E6100000E3A36A60504BE4BFB302E89C44E04440,2014-09-27 08:29:44.569512+00,2014-09-27 08:30:08.695913+00,10,Los Monegros,216
Zaragoza,Peñaflor,41.7592622,-0.7976826,0101000020E6100000F1D2F2A89D86E9BF650BF7802FE14440,2014-09-27 08:29:44.569512+00,2014-09-27 08:30:08.695913+00,17,Zaragoza,217
Zaragoza,Pina de Ebro,41.4908574,-0.5268694,0101000020E6100000AA6B48371DDCE0BFF3FF4F6AD4BE4440,2014-09-27 08:29:44.569512+00,2014-09-27 08:30:08.695913+00,18,Ribera Baja del Ebro,218
Zaragoza,Pinseque,41.7356137,-1.1008336,0101000020E61000003A6865B1039DF1BFAAFEF79628DE4440,2014-09-27 08:29:44.569512+00,2014-09-27 08:30:08.695913+00,15,Ribera Alta del Ebro,219
Zaragoza,Pinsoro,42.1990981,-1.3180042,0101000020E6100000ADD96F928B16F5BF0E19EA0B7C194540,2014-09-27 08:29:44.569512+00,2014-09-27 08:30:08.695913+00,5,Cinco Villas,220
Zaragoza,Pradilla de Ebro,41.8688525,-1.1881076,0101000020E61000009610621D7D02F3BF2046088F36EF4440,2014-09-27 08:29:44.569512+00,2014-09-27 08:30:08.695913+00,15,Ribera Alta del Ebro,221
Zaragoza,Puebla de Alfindén (La),41.6336763,-0.7485282,0101000020E6100000A8476469F1F3E7BF0960144E1CD14440,2014-09-27 08:29:44.569512+00,2014-09-27 08:30:08.695913+00,17,Zaragoza,222
Zaragoza,Quinto,41.4258722,-0.4961876,0101000020E61000001391ABA289C1DFBF46A3F1FA82B64440,2014-09-27 08:29:44.569512+00,2014-09-27 08:30:08.695913+00,18,Ribera Baja del Ebro,223
Zaragoza,Remolinos,41.8490857,-1.1785016,0101000020E6100000ED89647E24DBF2BF2A8018D7AEEC4440,2014-09-27 08:29:44.569512+00,2014-09-27 08:30:08.695913+00,15,Ribera Alta del Ebro,224
Zaragoza,Ricla,41.5324759,-1.4241426,0101000020E610000051723DC049C9F6BF3F34982B28C44440,2014-09-27 08:29:44.569512+00,2014-09-27 08:30:08.695913+00,16,Valdejalón,225
Zaragoza,Sabiñán,41.4434178,-1.5633011,0101000020E61000002FD0A4034803F9BF6DBB1AEAC1B84440,2014-09-27 08:29:44.569512+00,2014-09-27 08:30:08.695913+00,20,Comunidad de Calatayud,226
Zaragoza,San Gregorio,41.692694,-0.8627473,0101000020E61000002BCBC639A09BEBBF56116E32AAD84440,2014-09-27 08:29:44.569512+00,2014-09-27 08:30:08.695913+00,17,Zaragoza,227
Zaragoza,San Juan de Mozarrifar,41.7027978,-0.8436885,0101000020E6100000895C70067FFFEABFB2593F47F5D94440,2014-09-27 08:29:44.569512+00,2014-09-27 08:30:08.695913+00,17,Zaragoza,228
Zaragoza,San Mateo de Gállego,41.8312374,-0.7661638,0101000020E610000076210CF26984E8BF251BB4FC65EA4440,2014-09-27 08:29:44.569512+00,2014-09-27 08:30:08.695913+00,17,Zaragoza,229
Zaragoza,Santa Anastasia,42.1990981,-1.3180042,0101000020E6100000ADD96F928B16F5BF0E19EA0B7C194540,2014-09-27 08:29:44.569512+00,2014-09-27 08:30:08.695913+00,5,Cinco Villas,230
Zaragoza,Santa Engracia,41.9717233,-1.3083685,0101000020E61000007FDDE9CE13EFF4BF6F21D96D61FC4440,2014-09-27 08:29:44.569512+00,2014-09-27 08:30:08.695913+00,5,Cinco Villas,231
Zaragoza,Sobradiel,41.7392898,-1.0365356,0101000020E61000005D3C725AA695F0BF19A2540CA1DE4440,2014-09-27 08:29:44.569512+00,2014-09-27 08:30:08.695913+00,15,Ribera Alta del Ebro,232
Zaragoza,Sos del Rey Católico,42.495624,-1.2025207,0101000020E61000005C357458863DF3BF6D8E739B703F4540,2014-09-27 08:29:44.569512+00,2014-09-27 08:30:08.695913+00,5,Cinco Villas,233
Zaragoza,Sádaba,42.2784307,-1.2794744,0101000020E6100000891B0126BA78F4BFE859FF9DA3234540,2014-09-27 08:29:44.569512+00,2014-09-27 08:30:08.695913+00,5,Cinco Villas,234
Zaragoza,Sástago,41.3408033,-0.2432307,0101000020E6100000470CF1FE2E22CFBF37EF49719FAB4440,2014-09-27 08:29:44.569512+00,2014-09-27 08:30:08.695913+00,18,Ribera Baja del Ebro,235
Zaragoza,Tarazona,41.9038956,-1.7240063,0101000020E6100000449149A18795FBBFC87FDCD9B2F34440,2014-09-27 08:29:44.569512+00,2014-09-27 08:30:08.695913+00,12,Tarazona y El Moncayo,236
Zaragoza,Tauste,41.9533467,-1.1736994,0101000020E61000006F5BA50579C7F2BFF01FC14307FA4440,2014-09-27 08:29:44.569512+00,2014-09-27 08:30:08.695913+00,5,Cinco Villas,237
Zaragoza,Torres de Berrellén,41.757376,-1.0667465,0101000020E61000009DF529C76411F1BF3D635FB2F1E04440,2014-09-27 08:29:44.569512+00,2014-09-27 08:30:08.695913+00,15,Ribera Alta del Ebro,238
Zaragoza,Tosos,41.3160322,-1.0713009,0101000020E61000004DCE9A690C24F1BFD1BD3DBE73A84440,2014-09-27 08:29:44.569512+00,2014-09-27 08:30:08.695913+00,21,Campo de Cariñena,239
Zaragoza,Uncastillo,42.3484976,-1.1736994,0101000020E61000006F5BA50579C7F2BF045EC1919B2C4540,2014-09-27 08:29:44.569512+00,2014-09-27 08:30:08.695913+00,5,Cinco Villas,240
Zaragoza,Undués de Lerda,42.5663497,-1.1694749,0101000020E6100000CCE20F502BB6F2BFBACC9F257E484540,2014-09-27 08:29:44.569512+00,2014-09-27 08:30:08.695913+00,5,Cinco Villas,241
Zaragoza,Used,41.0079237,-1.6178011,0101000020E6100000DBECFE6783E2F9BF812ED0A403814440,2014-09-27 08:29:44.569512+00,2014-09-27 08:30:08.695913+00,24,Campo de Daroca,242
Zaragoza,Utebo,41.7115232,-0.996841,0101000020E610000061FBC9181FE6EFBF322C353113DB4440,2014-09-27 08:29:44.569512+00,2014-09-27 08:30:08.695913+00,17,Zaragoza,243
Zaragoza,Venta del Olivar,41.6670654,-0.9533984,0101000020E610000016E1815C3D82EEBF86A5266662D54440,2014-09-27 08:29:44.569512+00,2014-09-27 08:30:08.695913+00,17,Zaragoza,244
Zaragoza,Villafranca de Ebro,41.569807,-0.5730713,0101000020E6100000ABD6789F9956E2BF14048F6FEFC84440,2014-09-27 08:29:44.569512+00,2014-09-27 08:30:08.695913+00,17,Zaragoza,245
Zaragoza,Villamayor,41.6864764,-0.768436,0101000020E6100000B53522180797E8BFE7BC6B75DED74440,2014-09-27 08:29:44.569512+00,2014-09-27 08:30:08.695913+00,17,Zaragoza,246
Zaragoza,Villanueva de Gállego,41.7873032,-0.8579818,0101000020E6100000D705723F9674EBBFA004EC59C6E44440,2014-09-27 08:29:44.569512+00,2014-09-27 08:30:08.695913+00,17,Zaragoza,247
Zaragoza,Villanueva de Huerva,41.3544004,-1.0365454,0101000020E61000009A1B1DA1B095F0BF3CD807FE5CAD4440,2014-09-27 08:29:44.569512+00,2014-09-27 08:30:08.695913+00,21,Campo de Cariñena,248
Zaragoza,Villarreal de Huerva,41.1920501,-1.287701,0101000020E6100000876C205D6C9AF4BFC658011995984440,2014-09-27 08:29:44.569512+00,2014-09-27 08:30:08.695913+00,24,Campo de Daroca,249
Zaragoza,Zaragoza,41.6363925,-0.8925446,0101000020E6100000B91567B1B98FECBFB875374F75D14440,2014-09-27 08:29:44.569512+00,2014-09-27 08:30:08.695913+00,17,Zaragoza,250
Zaragoza,Zuera,41.896949,-0.810357,0101000020E6100000A2B5A2CD71EEE9BF07978E39CFF24440,2014-09-27 08:29:44.569512+00,2014-09-27 08:30:08.695913+00,17,Zaragoza,251
Zaragoza,Épila,41.5746462,-1.2313618,0101000020E6100000F7B2486EA8B3F3BFA5E2B5018EC94440,2014-09-27 08:29:44.569512+00,2014-09-27 08:30:08.695913+00,16,Valdejalón,252
