<?xml version="1.0"?>
<!--<!DOCTYPE metadata SYSTEM "http://www.esri.com/metadata/esriprof80.dtd">-->
<metadata xml:lang="es"><Esri><MetaID>{3D478D6C-BF33-4C89-BE76-F511D8260276}</MetaID><CreaDate>20101124</CreaDate><CreaTime>09592600</CreaTime><SyncOnce>FALSE</SyncOnce><SyncDate>20110331</SyncDate><SyncTime>14184000</SyncTime><ModDate>20110331</ModDate><ModTime>14184000</ModTime><DataProperties><lineage><Process ToolSource="C:\Archivos de programa\ArcGIS\ArcToolbox\Toolboxes\Data Management Tools.tbx\Dissolve" Date="20101124" Time="095928">Dissolve muni2010 C:\WorkSpace\TRABAJOS_INTERNOS\MUNICIPIOS_2010\comarcas.shp C_COMARCA;D_COMARCA "SUP_OF_KM2 SUM" MULTI_PART DISSOLVE_LINES</Process><Process ToolSource="C:\Archivos de programa\ArcGIS\ArcToolbox\Toolboxes\Conversion Tools.tbx\FeatureClassToFeatureClass" Date="20101124" Time="100146">FeatureClassToFeatureClass C:\WorkSpace\TRABAJOS_INTERNOS\MUNICIPIOS_2010\comarcas.shp "Database Connections\moncayo.CARTO.sde\CARTO.T02_LimitesAdministrativos" T02_Comarcas # "C_COMARCA 'C_COMARCA' true true false 2 Short 0 2 ,First,#,C:\WorkSpace\TRABAJOS_INTERNOS\MUNICIPIOS_2010\comarcas.shp,C_COMARCA,-1,-1;D_COMARCA 'D_COMARCA' true true false 75 Text 0 0 ,First,#,C:\WorkSpace\TRABAJOS_INTERNOS\MUNICIPIOS_2010\comarcas.shp,D_COMARCA,-1,-1;SUM_SUP_OF 'SUM_SUP_OF' true true false 19 Double 0 0 ,First,#,C:\WorkSpace\TRABAJOS_INTERNOS\MUNICIPIOS_2010\comarcas.shp,SUM_SUP_OF,-1,-1" # "Database Connections\moncayo.CARTO.sde\CARTO.T02_LimitesAdministrativos\CARTO.T02_Comarcas"</Process><Process ToolSource="C:\Archivos de programa\ArcGIS\ArcToolbox\Toolboxes\Conversion Tools.tbx\FeatureClassToFeatureClass" Date="20110331" Time="141842">FeatureClassToFeatureClass "Database Connections\moncayo.CARTO.sde\CARTO.T02_Comarcas" X:\02_limites T02_Comarcas.shp # "C_COMARCA 'C_COMARCA' true true false 2 Short 0 2 ,First,#,Database Connections\moncayo.CARTO.sde\CARTO.T02_Comarcas,C_COMARCA,-1,-1;D_COMARCA 'D_COMARCA' true true false 75 Text 0 0 ,First,#,Database Connections\moncayo.CARTO.sde\CARTO.T02_Comarcas,D_COMARCA,-1,-1;SUM_SUP_OF 'SUM_SUP_OF' true true false 8 Double 8 38 ,First,#,Database Connections\moncayo.CARTO.sde\CARTO.T02_Comarcas,SUM_SUP_OF,-1,-1;FONETICA 'FONETICA' true true false 80 Text 0 0 ,First,#,Database Connections\moncayo.CARTO.sde\CARTO.T02_Comarcas,FONETICA,-1,-1;SHAPE_AREA 'SHAPE_AREA' false false true 0 Double 0 0 ,First,#,Database Connections\moncayo.CARTO.sde\CARTO.T02_Comarcas,SHAPE.AREA,-1,-1;SHAPE_LEN 'SHAPE_LEN' false false true 0 Double 0 0 ,First,#,Database Connections\moncayo.CARTO.sde\CARTO.T02_Comarcas,SHAPE.LEN,-1,-1" # X:\02_limites\T02_Comarcas.shp</Process></lineage></DataProperties></Esri><idinfo><natvform Sync="TRUE">Shapefile</natvform></idinfo><distinfo><stdorder><digform><digtinfo><transize Sync="TRUE">0,003</transize><dssize Sync="TRUE">0,003</dssize></digtinfo></digform></stdorder></distinfo></metadata>
