<?xml version="1.0"?>
<!--<!DOCTYPE metadata SYSTEM "http://www.esri.com/metadata/esriprof80.dtd">-->
<metadata xml:lang="es"><Esri><CreaDate>20110622</CreaDate><CreaTime>13181500</CreaTime><SyncOnce>FALSE</SyncOnce><SyncDate>20101124</SyncDate><SyncTime>10120200</SyncTime><ModDate>20101124</ModDate><ModTime>10120200</ModTime><DataProperties><lineage><Process ToolSource="C:\Archivos de programa\ArcGIS\ArcToolbox\Toolboxes\Conversion Tools.tbx\FeatureClassToFeatureClass" Date="20101124" Time="101209">FeatureClassToFeatureClass C:\WorkSpace\TRABAJOS_INTERNOS\MUNICIPIOS_2010\municipios.shp "Database Connections\moncayo.CARTO.sde\CARTO.T02_LimitesAdministrativos" T02_Municipios # "C_MUNI_INE 'C_MUNI_INE' true true false 5 Long 0 5 ,First,#,C:\WorkSpace\TRABAJOS_INTERNOS\MUNICIPIOS_2010\municipios.shp,C_MUNI_INE,-1,-1;D_MUNI_INE 'D_MUNI_INE' true true false 50 Text 0 0 ,First,#,C:\WorkSpace\TRABAJOS_INTERNOS\MUNICIPIOS_2010\municipios.shp,D_MUNI_INE,-1,-1;C_COMARCA 'C_COMARCA' true true false 2 Short 0 2 ,First,#,C:\WorkSpace\TRABAJOS_INTERNOS\MUNICIPIOS_2010\municipios.shp,C_COMARCA,-1,-1;D_COMARCA 'D_COMARCA' true true false 75 Text 0 0 ,First,#,C:\WorkSpace\TRABAJOS_INTERNOS\MUNICIPIOS_2010\municipios.shp,D_COMARCA,-1,-1;D_COMARCA1 'D_COMARCA1' true true false 65 Text 0 0 ,First,#,C:\WorkSpace\TRABAJOS_INTERNOS\MUNICIPIOS_2010\municipios.shp,D_COMARCA1,-1,-1;D_MUN_INE1 'D_MUN_INE1' true true false 90 Text 0 0 ,First,#,C:\WorkSpace\TRABAJOS_INTERNOS\MUNICIPIOS_2010\municipios.shp,D_MUN_INE1,-1,-1;PROVINCIA 'PROVINCIA' true true false 20 Text 0 0 ,First,#,C:\WorkSpace\TRABAJOS_INTERNOS\MUNICIPIOS_2010\municipios.shp,PROVINCIA,-1,-1;FECHA_INI 'FECHA_INI' true true false 8 Long 0 8 ,First,#,C:\WorkSpace\TRABAJOS_INTERNOS\MUNICIPIOS_2010\municipios.shp,FECHA_INI,-1,-1;FECHA_FIN 'FECHA_FIN' true true false 8 Long 0 8 ,First,#,C:\WorkSpace\TRABAJOS_INTERNOS\MUNICIPIOS_2010\municipios.shp,FECHA_FIN,-1,-1;SUP_OF_KM2 'SUP_OF_KM2' true true false 10 Double 2 9 ,First,#,C:\WorkSpace\TRABAJOS_INTERNOS\MUNICIPIOS_2010\municipios.shp,SUP_OF_KM2,-1,-1" # "Database Connections\moncayo.CARTO.sde\CARTO.T02_LimitesAdministrativos\CARTO.T02_Municipios"</Process></lineage></DataProperties><MetaID>{DCFF7A61-AC0E-45A6-915D-50A729C72927}</MetaID></Esri><idinfo><citation><citeinfo><onlink Sync="TRUE"></onlink></citeinfo></citation></idinfo><distInfo><distributor><distorTran><onLineSrc><linkage Sync="TRUE">file://</linkage><protocol Sync="TRUE">Local Area Network</protocol></onLineSrc></distorTran></distributor></distInfo><dataqual><lineage><procstep><procdesc Sync="TRUE">Dataset copied.</procdesc><srcused Sync="TRUE">Server=moncayo.aragon.es; Service=5151; User=carto; Version=SDE.DEFAULT</srcused><procdate Sync="TRUE">20110622</procdate><proctime Sync="TRUE">13181500</proctime></procstep></lineage></dataqual></metadata>
