<?xml version="1.0"?>
<!--<!DOCTYPE metadata SYSTEM "http://www.esri.com/metadata/esriprof80.dtd">-->
<metadata xml:lang="es"><Esri><CreaDate>20120221</CreaDate><CreaTime>14335700</CreaTime><SyncOnce>FALSE</SyncOnce><SyncDate>20140828</SyncDate><SyncTime>08585900</SyncTime><ModDate>20140828</ModDate><ModTime>08585900</ModTime><DataProperties><lineage><Process ToolSource="C:\Archivos de programa\ArcGIS\ArcToolbox\Toolboxes\Conversion Tools.tbx\FeatureClassToFeatureClass" Date="20101124" Time="101209">FeatureClassToFeatureClass C:\WorkSpace\TRABAJOS_INTERNOS\MUNICIPIOS_2010\municipios.shp "Database Connections\moncayo.CARTO.sde\CARTO.T02_LimitesAdministrativos" T02_Municipios # "C_MUNI_INE 'C_MUNI_INE' true true false 5 Long 0 5 ,First,#,C:\WorkSpace\TRABAJOS_INTERNOS\MUNICIPIOS_2010\municipios.shp,C_MUNI_INE,-1,-1;D_MUNI_INE 'D_MUNI_INE' true true false 50 Text 0 0 ,First,#,C:\WorkSpace\TRABAJOS_INTERNOS\MUNICIPIOS_2010\municipios.shp,D_MUNI_INE,-1,-1;C_COMARCA 'C_COMARCA' true true false 2 Short 0 2 ,First,#,C:\WorkSpace\TRABAJOS_INTERNOS\MUNICIPIOS_2010\municipios.shp,C_COMARCA,-1,-1;D_COMARCA 'D_COMARCA' true true false 75 Text 0 0 ,First,#,C:\WorkSpace\TRABAJOS_INTERNOS\MUNICIPIOS_2010\municipios.shp,D_COMARCA,-1,-1;D_COMARCA1 'D_COMARCA1' true true false 65 Text 0 0 ,First,#,C:\WorkSpace\TRABAJOS_INTERNOS\MUNICIPIOS_2010\municipios.shp,D_COMARCA1,-1,-1;D_MUN_INE1 'D_MUN_INE1' true true false 90 Text 0 0 ,First,#,C:\WorkSpace\TRABAJOS_INTERNOS\MUNICIPIOS_2010\municipios.shp,D_MUN_INE1,-1,-1;PROVINCIA 'PROVINCIA' true true false 20 Text 0 0 ,First,#,C:\WorkSpace\TRABAJOS_INTERNOS\MUNICIPIOS_2010\municipios.shp,PROVINCIA,-1,-1;FECHA_INI 'FECHA_INI' true true false 8 Long 0 8 ,First,#,C:\WorkSpace\TRABAJOS_INTERNOS\MUNICIPIOS_2010\municipios.shp,FECHA_INI,-1,-1;FECHA_FIN 'FECHA_FIN' true true false 8 Long 0 8 ,First,#,C:\WorkSpace\TRABAJOS_INTERNOS\MUNICIPIOS_2010\municipios.shp,FECHA_FIN,-1,-1;SUP_OF_KM2 'SUP_OF_KM2' true true false 10 Double 2 9 ,First,#,C:\WorkSpace\TRABAJOS_INTERNOS\MUNICIPIOS_2010\municipios.shp,SUP_OF_KM2,-1,-1" # "Database Connections\moncayo.CARTO.sde\CARTO.T02_LimitesAdministrativos\CARTO.T02_Municipios"</Process><Process ToolSource="C:\Archivos de programa\ArcGIS\ArcToolbox\Toolboxes\Data Management Tools.tbx\CopyFeatures" Date="20120221" Time="141718">CopyFeatures "Database Connections\MONCAYO_CARTO.sde\CARTO.T02_Municipios" "Database Connections\sita1_CARTO.sde\CARTO.CARTO_T02_Municipios" # 0 0 0</Process><Process Name="Project" ToolSource="C:\Archivos de programa\ArcGIS\ArcToolbox\Toolboxes\Data Management Tools.tbx\Project" Date="20120221" Time="143402">Project "Database Connections\sita1_CARTO.sde\CARTO.CARTO_T02_Municipios" "Database Connections\BOZ_CARTO.sde\CARTO.CARTO_T02_Municipios" PROJCS['ETRS_1989_UTM_Zone_30N',GEOGCS['GCS_ETRS_1989',DATUM['D_ETRS_1989',SPHEROID['GRS_1980',6378137.0,298.257222101]],PRIMEM['Greenwich',0.0],UNIT['Degree',0.0174532925199433]],PROJECTION['Transverse_Mercator'],PARAMETER['False_Easting',500000.0],PARAMETER['False_Northing',0.0],PARAMETER['Central_Meridian',-3.0],PARAMETER['Scale_Factor',0.9996],PARAMETER['Latitude_Of_Origin',0.0],UNIT['Meter',1.0]] ED_1950_To_ETRS_1989_12_NTv2_Spain_v2 PROJCS['ED_1950_UTM_Zone_30N',GEOGCS['GCS_European_1950',DATUM['D_European_1950',SPHEROID['International_1924',6378388.0,297.0]],PRIMEM['Greenwich',0.0],UNIT['Degree',0.0174532925199433]],PROJECTION['Transverse_Mercator'],PARAMETER['False_Easting',500000.0],PARAMETER['False_Northing',0.0],PARAMETER['Central_Meridian',-3.0],PARAMETER['Scale_Factor',0.9996],PARAMETER['Latitude_Of_Origin',0.0],UNIT['Meter',1.0]]</Process><Process ToolSource="C:\Archivos de programa\ArcGIS\ArcToolbox\Toolboxes\Data Management Tools.tbx\CalculateField" Date="20120522" Time="143109">CalculateField "Database Connections\Connection to boz-sitar-01.aragon.local (carto).sde\CARTO.T02_LimitesAdministrativos\CARTO.T02_Municipios" I_IAEST ""http://bonansa.aragon.es:81/iaest/fic_mun/pdf/" &amp; [C_MUNI_INE] &amp; ".pdf"" VB # "Database Connections\Connection to boz-sitar-01.aragon.local (carto).sde\CARTO.T02_LimitesAdministrativos\CARTO.T02_Municipios"</Process><Process ToolSource="C:\Archivos de programa\ArcGIS\ArcToolbox\Toolboxes\Data Management Tools.tbx\DeleteRows" Date="20140731" Time="074930">DeleteRows "Database Connections\Connection to boz-sitar-01.aragon.local (carto).sde\CARTO.T02_LimitesAdministrativos\CARTO.T02_Municipios" "Database Connections\Connection to boz-sitar-01.aragon.local (carto).sde\CARTO.T02_LimitesAdministrativos\CARTO.T02_Municipios"</Process><Process ToolSource="C:\Archivos de programa\ArcGIS\ArcToolbox\Toolboxes\Data Management Tools.tbx\DeleteFeatures" Date="20140731" Time="074949">DeleteFeatures "Database Connections\Connection to boz-sitar-01.aragon.local (carto).sde\CARTO.T02_LimitesAdministrativos\CARTO.T02_Municipios" "Database Connections\Connection to boz-sitar-01.aragon.local (carto).sde\CARTO.T02_LimitesAdministrativos\CARTO.T02_Municipios"</Process><Process ToolSource="C:\Program Files\ArcGIS\ArcToolbox\Toolboxes\Data Management Tools.tbx\CopyFeatures" Date="20140828" Time="085900">CopyFeatures "Database Connections\boz_sitar(carto).sde\CARTO.T02_LimitesAdministrativos\CARTO.T02_Municipios" D:\02_LIMITES\2014\shapefiles\CARTO_T02_Municipios.shp # 0 0 0</Process></lineage></DataProperties><MetaID>{E4BDC871-40C0-47F8-A340-9A422D095723}</MetaID></Esri><idinfo><native Sync="TRUE">Microsoft Windows Vista Version 6.1 (Build 7601) Service Pack 1; ESRI ArcCatalog 9.3.1.3000</native><descript><langdata Sync="TRUE">es</langdata></descript><citation><citeinfo><title Sync="TRUE">CARTO_T02_Municipios</title><ftname Sync="TRUE">CARTO_T02_Municipios</ftname><geoform Sync="TRUE">vector digital data</geoform><onlink Sync="TRUE">\\SERGIO-HP\D\02_LIMITES\2014\shapefiles\CARTO_T02_Municipios.shp</onlink></citeinfo></citation><natvform Sync="TRUE">Shapefile</natvform><spdom><lboundng><leftbc Sync="TRUE">569192.355300</leftbc><rightbc Sync="TRUE">810631.133700</rightbc><bottombc Sync="TRUE">4412927.457600</bottombc><topbc Sync="TRUE">4754878.652300</topbc></lboundng><bounding><westbc Sync="TRUE">-2.191015</westbc><eastbc Sync="TRUE">0.803634</eastbc><northbc Sync="TRUE">42.943402</northbc><southbc Sync="TRUE">39.809602</southbc></bounding></spdom></idinfo><dataIdInfo><envirDesc Sync="TRUE">Microsoft Windows Vista Version 6.1 (Build 7601) Service Pack 1; ESRI ArcCatalog 9.3.1.3000</envirDesc><dataLang><languageCode Sync="TRUE" value="es"></languageCode></dataLang><idCitation><resTitle Sync="TRUE">CARTO_T02_Municipios</resTitle><presForm><PresFormCd Sync="TRUE" value="005"></PresFormCd></presForm></idCitation><spatRpType><SpatRepTypCd Sync="TRUE" value="001"></SpatRepTypCd></spatRpType><dataExt><geoEle><GeoBndBox esriExtentType="native"><westBL Sync="TRUE">569192.3553</westBL><eastBL Sync="TRUE">810631.1337</eastBL><northBL Sync="TRUE">4754878.6523</northBL><southBL Sync="TRUE">4412927.4576</southBL><exTypeCode Sync="TRUE">1</exTypeCode></GeoBndBox></geoEle></dataExt><geoBox esriExtentType="decdegrees"><westBL Sync="TRUE">-2.191015</westBL><eastBL Sync="TRUE">0.803634</eastBL><northBL Sync="TRUE">42.943402</northBL><southBL Sync="TRUE">39.809602</southBL><exTypeCode Sync="TRUE">1</exTypeCode></geoBox></dataIdInfo><metainfo><langmeta Sync="TRUE">es</langmeta><metstdn Sync="TRUE">FGDC Content Standards for Digital Geospatial Metadata</metstdn><metstdv Sync="TRUE">FGDC-STD-001-1998</metstdv><mettc Sync="TRUE">local time</mettc><metd Sync="TRUE">20140828</metd><metextns><onlink Sync="TRUE">http://www.esri.com/metadata/esriprof80.html</onlink><metprof Sync="TRUE">ESRI Metadata Profile</metprof></metextns></metainfo><mdLang><languageCode Sync="TRUE" value="es"></languageCode></mdLang><mdStanName Sync="TRUE">ISO 19115 Geographic Information - Metadata</mdStanName><mdStanVer Sync="TRUE">DIS_ESRI1.0</mdStanVer><mdChar><CharSetCd Sync="TRUE" value="004"></CharSetCd></mdChar><mdHrLv><ScopeCd Sync="TRUE" value="005"></ScopeCd></mdHrLv><mdHrLvName Sync="TRUE">dataset</mdHrLvName><distinfo><resdesc Sync="TRUE">Downloadable Data</resdesc><stdorder><digform><digtinfo><transize Sync="TRUE">0,000</transize><dssize Sync="TRUE">0,000</dssize></digtinfo></digform></stdorder></distinfo><distInfo><distributor><distorTran><onLineSrc><orDesc Sync="TRUE">002</orDesc><linkage Sync="TRUE">file://\\SERGIO-HP\D\02_LIMITES\2014\shapefiles\CARTO_T02_Municipios.shp</linkage><protocol Sync="TRUE">Local Area Network</protocol></onLineSrc><transSize Sync="TRUE">0,000</transSize></distorTran><distorFormat><formatName Sync="TRUE">Shapefile</formatName></distorFormat></distributor></distInfo><spdoinfo><direct Sync="TRUE">Vector</direct><ptvctinf><esriterm Name="CARTO_T02_Municipios"><efeatyp Sync="TRUE">Simple</efeatyp><efeageom Sync="TRUE">Polygon</efeageom><esritopo Sync="TRUE">FALSE</esritopo><efeacnt Sync="TRUE">0</efeacnt><spindex Sync="TRUE">FALSE</spindex><linrefer Sync="TRUE">FALSE</linrefer></esriterm><sdtsterm Name="CARTO_T02_Municipios"><sdtstype Sync="TRUE">G-polygon</sdtstype><ptvctcnt Sync="TRUE">0</ptvctcnt></sdtsterm></ptvctinf></spdoinfo><spref><horizsys><cordsysn><geogcsn Sync="TRUE">GCS_ETRS_1989</geogcsn><projcsn Sync="TRUE">ETRS_1989_UTM_Zone_30N</projcsn></cordsysn><planar><planci><plance Sync="TRUE">coordinate pair</plance><plandu Sync="TRUE">meters</plandu><coordrep><absres Sync="TRUE">0.000000</absres><ordres Sync="TRUE">0.000000</ordres></coordrep></planci><mapproj><mapprojn Sync="TRUE">Transverse Mercator</mapprojn><transmer><sfctrmer Sync="TRUE">0.999600</sfctrmer><longcm Sync="TRUE">-3.000000</longcm><latprjo Sync="TRUE">0.000000</latprjo><feast Sync="TRUE">500000.000000</feast><fnorth Sync="TRUE">0.000000</fnorth></transmer></mapproj></planar><geodetic><horizdn Sync="TRUE">D_ETRS_1989</horizdn><ellips Sync="TRUE">Geodetic Reference System 80</ellips><semiaxis Sync="TRUE">6378137.000000</semiaxis><denflat Sync="TRUE">298.257222</denflat></geodetic></horizsys><vertdef><altsys><altenc Sync="TRUE">Explicit elevation coordinate included with horizontal coordinates</altenc><altres Sync="TRUE">1.000000</altres></altsys></vertdef></spref><refSysInfo><RefSystem><refSysID><identCode Sync="TRUE">ETRS_1989_UTM_Zone_30N</identCode></refSysID></RefSystem></refSysInfo><spatRepInfo><VectSpatRep><topLvl><TopoLevCd Sync="TRUE" value="001"></TopoLevCd></topLvl><geometObjs Name="CARTO_T02_Municipios"><geoObjTyp><GeoObjTypCd Sync="TRUE" value="001"></GeoObjTypCd></geoObjTyp><geoObjCnt Sync="TRUE">0</geoObjCnt></geometObjs></VectSpatRep></spatRepInfo><eainfo><detailed Name="CARTO_T02_Municipios"><enttyp><enttypl Sync="TRUE">CARTO_T02_Municipios</enttypl><enttypt Sync="TRUE">Feature Class</enttypt><enttypc Sync="TRUE">0</enttypc></enttyp><attr><attrlabl Sync="TRUE">FID</attrlabl><attalias Sync="TRUE">FID</attalias><attrtype Sync="TRUE">OID</attrtype><attwidth Sync="TRUE">4</attwidth><atprecis Sync="TRUE">0</atprecis><attscale Sync="TRUE">0</attscale><attrdef Sync="TRUE">Internal feature number.</attrdef><attrdefs Sync="TRUE">ESRI</attrdefs><attrdomv><udom Sync="TRUE">Sequential unique whole numbers that are automatically generated.</udom></attrdomv></attr><attr><attrlabl Sync="TRUE">C_MUNI_INE</attrlabl><attalias Sync="TRUE">C_MUNI_INE</attalias><attrtype Sync="TRUE">Number</attrtype><attwidth Sync="TRUE">5</attwidth></attr><attr><attrlabl Sync="TRUE">D_MUNI_INE</attrlabl><attalias Sync="TRUE">D_MUNI_INE</attalias><attrtype Sync="TRUE">String</attrtype><attwidth Sync="TRUE">50</attwidth></attr><attr><attrlabl Sync="TRUE">C_COMARCA</attrlabl><attalias Sync="TRUE">C_COMARCA</attalias><attrtype Sync="TRUE">Number</attrtype><attwidth Sync="TRUE">2</attwidth></attr><attr><attrlabl Sync="TRUE">D_COMARCA</attrlabl><attalias Sync="TRUE">D_COMARCA</attalias><attrtype Sync="TRUE">String</attrtype><attwidth Sync="TRUE">75</attwidth></attr><attr><attrlabl Sync="TRUE">D_COMARCA1</attrlabl><attalias Sync="TRUE">D_COMARCA1</attalias><attrtype Sync="TRUE">String</attrtype><attwidth Sync="TRUE">65</attwidth></attr><attr><attrlabl Sync="TRUE">D_MUN_INE1</attrlabl><attalias Sync="TRUE">D_MUN_INE1</attalias><attrtype Sync="TRUE">String</attrtype><attwidth Sync="TRUE">90</attwidth></attr><attr><attrlabl Sync="TRUE">PROVINCIA</attrlabl><attalias Sync="TRUE">PROVINCIA</attalias><attrtype Sync="TRUE">String</attrtype><attwidth Sync="TRUE">20</attwidth></attr><attr><attrlabl Sync="TRUE">FECHA_INI</attrlabl><attalias Sync="TRUE">FECHA_INI</attalias><attrtype Sync="TRUE">Number</attrtype><attwidth Sync="TRUE">8</attwidth></attr><attr><attrlabl Sync="TRUE">FECHA_FIN</attrlabl><attalias Sync="TRUE">FECHA_FIN</attalias><attrtype Sync="TRUE">Number</attrtype><attwidth Sync="TRUE">8</attwidth></attr><attr><attrlabl Sync="TRUE">SUP_OF_KM2</attrlabl><attalias Sync="TRUE">SUP_OF_KM2</attalias><attrtype Sync="TRUE">Number</attrtype><attwidth Sync="TRUE">11</attwidth><atnumdec Sync="TRUE">2</atnumdec></attr><attr><attrlabl Sync="TRUE">FONETICA</attrlabl><attalias Sync="TRUE">FONETICA</attalias><attrtype Sync="TRUE">String</attrtype><attwidth Sync="TRUE">80</attwidth></attr><attr><attrlabl Sync="TRUE">C_MUNI_CAT</attrlabl><attalias Sync="TRUE">C_MUNI_CAT</attalias><attrtype Sync="TRUE">Number</attrtype><attwidth Sync="TRUE">10</attwidth></attr><attr><attrlabl Sync="TRUE">OBSERV</attrlabl><attalias Sync="TRUE">OBSERV</attalias><attrtype Sync="TRUE">String</attrtype><attwidth Sync="TRUE">80</attwidth></attr><attr><attrlabl Sync="TRUE">SHAPE</attrlabl><attalias Sync="TRUE">Shape</attalias><attrtype Sync="TRUE">Geometry</attrtype><attwidth Sync="TRUE">0</attwidth><atprecis Sync="TRUE">0</atprecis><attscale Sync="TRUE">0</attscale><attrdef Sync="TRUE">Feature geometry.</attrdef><attrdefs Sync="TRUE">ESRI</attrdefs><attrdomv><udom Sync="TRUE">Coordinates defining the features.</udom></attrdomv></attr><attr><attrlabl Sync="TRUE">I_IAEST</attrlabl><attalias Sync="TRUE">I_IAEST</attalias><attrtype Sync="TRUE">String</attrtype><attwidth Sync="TRUE">100</attwidth></attr><attr><attrlabl Sync="TRUE">CMUNINE</attrlabl><attalias Sync="TRUE">CMUNINE</attalias><attrtype Sync="TRUE">String</attrtype><attwidth Sync="TRUE">5</attwidth></attr><attr><attrlabl Sync="TRUE">CCOMARCA</attrlabl><attalias Sync="TRUE">CCOMARCA</attalias><attrtype Sync="TRUE">String</attrtype><attwidth Sync="TRUE">2</attwidth></attr><attr><attrlabl Sync="TRUE">SCALE</attrlabl><attalias Sync="TRUE">SCALE</attalias><attrtype Sync="TRUE">Number</attrtype><attwidth Sync="TRUE">6</attwidth></attr><attr><attrlabl Sync="TRUE">SHAPE_AREA</attrlabl><attalias Sync="TRUE">SHAPE_AREA</attalias><attrtype Sync="TRUE">Float</attrtype><attwidth Sync="TRUE">19</attwidth><attrdef Sync="TRUE">Area of feature in internal units squared.</attrdef><attrdefs Sync="TRUE">ESRI</attrdefs><attrdomv><udom Sync="TRUE">Positive real numbers that are automatically generated.</udom></attrdomv><atnumdec Sync="TRUE">11</atnumdec></attr><attr><attrlabl Sync="TRUE">SHAPE_LEN</attrlabl><attalias Sync="TRUE">SHAPE_LEN</attalias><attrtype Sync="TRUE">Float</attrtype><attwidth Sync="TRUE">19</attwidth><atnumdec Sync="TRUE">11</atnumdec></attr></detailed></eainfo><mdDateSt Sync="TRUE">20140828</mdDateSt><dataqual><lineage><procstep><procdesc Sync="TRUE">Dataset copied.</procdesc><srcused Sync="TRUE">Server=sita1.aragon.local; Service=5151; User=carto; Version=SDE.DEFAULT</srcused><procdate Sync="TRUE">20120221</procdate><proctime Sync="TRUE">14335700</proctime></procstep></lineage></dataqual></metadata>
